,시간,국가,국가코드,지표명,레퍼런스,발표치,예상치,예측치,이전치
0,11:50 PM,Japan,JP,Machinery Orders MoM,MAY,-0.6%,-1.5%,0.5%,-9.1%
1,11:50 PM,Japan,JP,Machinery Orders YoY,MAY,4.4%,3.4%,5.5%,6.6%
2,12:00 AM,Singapore,SG,GDP Growth Rate QoQ Adv,Q2,1.4%,0.7%,0.9%,-0.5%
3,12:00 AM,Singapore,SG,GDP Growth Rate YoY Adv,Q2,4.3%,3.5%,3.5%,4.1%
4,03:00 AM,China,CN,Balance of Trade,JUN,,$109B,$ 100B,$103.22B
5,03:00 AM,China,CN,Exports YoY,JUN,,5%,5.5%,4.8%
6,03:00 AM,China,CN,Imports YoY,JUN,,1.3%,2.5%,-3.4%
7,04:30 AM,Japan,JP,Capacity Utilization MoM,MAY,,,0.5%,1.3%
8,04:30 AM,Japan,JP,Industrial Production MoM Final,MAY,,0.5%,0.5%,-1.1%
9,04:30 AM,Japan,JP,Industrial Production YoY Final,MAY,,,-1.8%,0.5%
10,04:30 AM,Japan,JP,Tertiary Industry Index MoM,MAY,,0.1%,0.3%,0.3%
11,05:00 AM,South Korea,KR,10-Year KTB Auction,,,,,2.885%
12,06:30 AM,India,IN,WPI Food Index YoY,JUN,,,1.6%,1.72%
13,06:30 AM,India,IN,WPI Fuel YoY,JUN,,,-2.0%,-2.27%
14,06:30 AM,India,IN,WPI Inflation YoY,JUN,,0.52%,0.9%,0.39%
15,06:30 AM,India,IN,WPI Manufacturing YoY,JUN,,,1.8%,2.04%
16,09:30 AM,Germany,DE,12-Month Bubill Auction,,,,,1.808%
17,09:45 AM,European Union,EU,2028 EU-Bonds Auction,,,,,2.142%
18,09:45 AM,European Union,EU,2034 EU-Bonds Auction,,,,,3.007%
19,09:45 AM,European Union,EU,2054 EU-Bonds Auction,,,,,3.399%
20,10:30 AM,India,IN,Inflation Rate YoY,JUN,,2.5%,2.5%,2.82%
21,10:30 AM,India,IN,Inflation Rate MoM,JUN,,,1.0%,0.21%
22,12:00 PM,Brazil,BR,IBC-BR Economic Activity,MAY,,,0.1%,0.2%
23,12:30 PM,Canada,CA,Wholesale Sales MoM Final,MAY,,-0.4%,-0.4%,-2.3%
24,03:00 PM,Euro Area,EA,ECB Cipollone Speech,,,,,
25,03:30 PM,United States,US,3-Month Bill Auction,,,,,4.255%
26,03:30 PM,United States,US,6-Month Bill Auction,,,,,4.145%
27,07:00 PM,Argentina,AR,Inflation Rate MoM,JUN,,,2.5%,1.5%
28,07:00 PM,Argentina,AR,Inflation Rate YoY,JUN,,,30.0%,43.5%
29,11:01 PM,United Kingdom,GB,BRC Retail Sales Monitor YoY,JUN,,0.2%,0.4%,0.6%
30,,G20,G2,G20 Finance Ministers and Central Bank Governors Meeting,,,,,
31,,Turkey,TR,Auto Production YoY,JUN,,,,1.7%
32,,Turkey,TR,Auto Sales YoY,JUN,,,11.0%,7.4%
33,,China,CN,New Yuan Loans,JUN,,CNY1800B,CNY2050.0B,CNY620B
34,,China,CN,M2 Money Supply YoY,JUN,,8.1%,7.9%,7.9%
35,,China,CN,Outstanding Loan Growth YoY,JUN,,,7.8%,7.1%
36,,China,CN,Total Social Financing,JUN,,CNY3650B,CNY3750.0B,CNY2290B
37,,Brazil,BR,BCB Focus Market Readout,,,,,
38,12:30 AM,Australia,AU,Westpac Consumer Confidence Change,JUL,,,0.4%,0.5%
39,12:30 AM,Australia,AU,Westpac Consumer Confidence Index,JUL,,,93,92.6
40,01:30 AM,China,CN,House Price Index YoY,JUN,,,-3.1%,-3.5%
41,02:00 AM,China,CN,GDP Growth Rate YoY,Q2,,5.2%,5.3%,5.4%
42,02:00 AM,China,CN,Industrial Production YoY,JUN,,5.6%,5.5%,5.8%
43,02:00 AM,China,CN,Retail Sales YoY,JUN,,5.5%,6.1%,6.4%
44,02:00 AM,China,CN,Fixed Asset Investment (YTD) YoY,JUN,,3.7%,4.5%,3.7%
45,02:00 AM,China,CN,GDP Growth Rate QoQ,Q2,,1%,1.1%,1.2%
46,02:00 AM,China,CN,Industrial Capacity Utilization,Q2,,,74.4%,74.1%
47,02:00 AM,China,CN,Unemployment Rate,JUN,,5%,5.10%,5%
48,03:35 AM,Japan,JP,5-Year Climate Transition JGB Auction,,,,,0.888%
49,05:00 AM,Singapore,SG,MAS 12-Week Bill Auction,,,,,1.83%
50,05:00 AM,Singapore,SG,MAS 4-Week Bill Auction,,,,,1.86%
51,07:00 AM,Spain,ES,Core Inflation Rate YoY Final,JUN,,2.2%,2.2%,2.2%
52,07:00 AM,Spain,ES,Harmonised Inflation Rate MoM Final,JUN,,0.6%,0.6%,0%
53,07:00 AM,Spain,ES,Harmonised Inflation Rate YoY Final,JUN,,2.2%,2.2%,2%
54,07:00 AM,Spain,ES,Inflation Rate MoM Final,JUN,,0.6%,0.6%,0.1%
55,07:00 AM,Spain,ES,Inflation Rate YoY Final,JUN,,2.2%,2.2%,2%
56,09:00 AM,Euro Area,EA,Industrial Production MoM,MAY,,0.6%,0.8%,-2.4%
57,09:00 AM,Euro Area,EA,ZEW Economic Sentiment Index,JUL,,37.8,30,35.3
58,09:00 AM,Euro Area,EA,ECB Buch Speech,,,,,
59,09:00 AM,Euro Area,EA,Industrial Production YoY,MAY,,,1.0%,0.8%
60,09:00 AM,Germany,DE,ZEW Economic Sentiment Index,JUL,,50.2,49.1,47.5
61,09:00 AM,Germany,DE,ZEW Current Conditions,JUL,,-66,-71,-72
62,09:00 AM,United Kingdom,GB,Treasury Stock 2032 Auction,,,,,
63,09:30 AM,Germany,DE,2-Year Schatz Auction,,,,,1.85%
64,09:30 AM,South Africa,ZA,Gold Production YoY,MAY,,,10.0%,-2.5%
65,09:30 AM,South Africa,ZA,Mining Production MoM,MAY,,,1.5%,0.6%
66,09:30 AM,South Africa,ZA,Mining Production YoY,MAY,,,0.3%,-7.7%
67,12:15 PM,Canada,CA,Housing Starts,JUN,,253K,260.0K,279.5K
68,12:30 PM,Canada,CA,Inflation Rate YoY,JUN,,,1.5%,1.7%
69,12:30 PM,Canada,CA,Core Inflation Rate YoY,JUN,,,2.6%,2.5%
70,12:30 PM,Canada,CA,Inflation Rate MoM,JUN,,0.2%,-0.3%,0.6%
71,12:30 PM,Canada,CA,Core Inflation Rate MoM,JUN,,,0.1%,0.6%
72,12:30 PM,Canada,CA,CPI Median YoY,JUN,,3%,2.9%,3%
73,12:30 PM,Canada,CA,CPI Trimmed-Mean YoY,JUN,,3%,297%,3%
74,12:30 PM,Canada,CA,Manufacturing Sales MoM Final,MAY,,-1.3%,-1.3%,-2.8%
75,12:30 PM,Canada,CA,New Motor Vehicle Sales,MAY,,,190.0K,195.7K
76,12:30 PM,United States,US,Core Inflation Rate MoM,JUN,,0.3%,0.2%,0.1%
77,12:30 PM,United States,US,Core Inflation Rate YoY,JUN,,,2.9%,2.8%
78,12:30 PM,United States,US,Inflation Rate MoM,JUN,,0.3%,0.2%,0.1%
79,12:30 PM,United States,US,Inflation Rate YoY,JUN,,2.6%,2.5%,2.4%
80,12:30 PM,United States,US,CPI,JUN,,,322,321.465
81,12:30 PM,United States,US,CPI s.a,JUN,,,321.2,320.580
82,12:30 PM,United States,US,NY Empire State Manufacturing Index,JUL,,-10.1,-13,-16
83,12:55 PM,United States,US,Redbook YoY,JUL/12,,,,5.9%
84,01:00 PM,France,FR,12-Month BTF Auction,,,,,1.892%
85,01:00 PM,France,FR,3-Month BTF Auction,,,,,1.924%
86,01:00 PM,France,FR,6-Month BTF Auction,,,,,1.903%
87,01:15 PM,United States,US,Fed Bowman Speech,,,,,
88,04:00 PM,United States,US,NOPA Crush Report,,,,,
89,04:45 PM,United States,US,Fed Barr Speech,,,,,
90,06:45 PM,United States,US,Fed Collins Speech,,,,,
91,08:00 PM,United Kingdom,GB,BoE Gov Bailey Speech,,,,,
92,08:30 PM,United States,US,API Crude Oil Stock Change,JUL/11,,,,7.1M
93,09:00 PM,South Korea,KR,Export Prices YoY,JUN,,,-5.0%,-2.4%
94,09:00 PM,South Korea,KR,Import Prices YoY,JUN,,,-7.8%,-5%
95,11:00 PM,Japan,JP,Reuters Tankan Index,JUL,,,7,6
96,11:00 PM,South Korea,KR,Unemployment Rate,JUN,,,2.8%,2.7%
97,11:45 PM,United States,US,Fed Logan Speech,,,,,
98,,G20,G2,G20 Finance Ministers and Central Bank Governors Meeting,,,,,
99,,India,IN,Passenger Vehicles Sales YoY,JUN,,,,0.8%
100,,Saudi Arabia,SA,Inflation Rate MoM,JUN,,,0.2%,0.1%
101,,Saudi Arabia,SA,Inflation Rate YoY,JUN,,,2.3%,2.2%
102,,Saudi Arabia,SA,Wholesale Prices YoY,JUN,,,1.8%,2.0%
103,,India,IN,Balance of Trade,JUN,,,$ -22.5B,$-21.88B
104,,India,IN,Exports,JUN,,,$ 36.5B,$38.73B
105,,India,IN,Imports,JUN,,,$ 57B,$60.61B
106,,OPEC,OP,OPEC Monthly Report,,,,,
107,06:00 AM,United Kingdom,GB,Inflation Rate YoY,JUN,,3.4%,3.5%,3.4%
108,06:00 AM,United Kingdom,GB,Core Inflation Rate YoY,JUN,,3.5%,3.6%,3.5%
109,06:00 AM,United Kingdom,GB,Inflation Rate MoM,JUN,,,0.4%,0.2%
110,06:00 AM,United Kingdom,GB,Core Inflation Rate MoM,JUN,,,0.3%,0.2%
111,06:00 AM,United Kingdom,GB,Retail Price Index MoM,JUN,,,,0.2%
112,06:00 AM,United Kingdom,GB,Retail Price Index YoY,JUN,,4.3%,4.3%,4.3%
113,07:20 AM,Indonesia,ID,Loan Growth YoY,JUN,,,8.5%,8.43%
114,07:30 AM,Indonesia,ID,Interest Rate Decision,,,,5.25%,5.5%
115,07:30 AM,Indonesia,ID,Deposit Facility Rate,JUL,,,4.5%,4.75%
116,07:30 AM,Indonesia,ID,Lending Facility Rate,JUL,,,6%,6.25%
117,08:00 AM,Italy,IT,Harmonised Inflation Rate MoM Final,JUN,,0.2%,0.2%,-0.1%
118,08:00 AM,Italy,IT,Harmonised Inflation Rate YoY Final,JUN,,1.7%,1.7%,1.7%
119,08:00 AM,Italy,IT,Inflation Rate MoM Final,JUN,,0.2%,0.2%,-0.1%
120,08:00 AM,Italy,IT,Inflation Rate YoY Final,JUN,,1.7%,1.7%,1.6%
121,09:00 AM,Euro Area,EA,Balance of Trade,MAY,,€12B,€11.5B,€9.9B
122,09:00 AM,Italy,IT,Balance of Trade,MAY,,€2.87B,€2.6B,€2.482B
123,09:00 AM,United Kingdom,GB,Treasury Gilt 2034 Auction,,,,,
124,09:30 AM,Germany,DE,30-Year Bund Auction,,,,,2.99%
125,10:10 AM,European Union,EU,12-Month Bill Auction,,,,,1.920%
126,10:10 AM,European Union,EU,3-Month Bill Auction,,,,,1.922%
127,10:10 AM,European Union,EU,6-Month Bill Auction,,,,,1.930%
128,11:00 AM,South Africa,ZA,Retail Sales MoM,MAY,,,0.7%,0.9%
129,11:00 AM,South Africa,ZA,Retail Sales YoY,MAY,,,4.3%,5.1%
130,11:00 AM,United States,US,MBA 30-Year Mortgage Rate,JUL/11,,,,6.77%
131,11:00 AM,United States,US,MBA Mortgage Applications,JUL/11,,,,9.4%
132,11:00 AM,United States,US,MBA Mortgage Market Index,JUL/11,,,,281.6
133,11:00 AM,United States,US,MBA Mortgage Refinance Index,JUL/11,,,,829.3
134,11:00 AM,United States,US,MBA Purchase Index,JUL/11,,,,180.9
135,12:30 PM,United States,US,PPI MoM,JUN,,0.2%,0.3%,0.1%
136,12:30 PM,United States,US,Core PPI MoM,JUN,,0.2%,0.3%,0.1%
137,12:30 PM,United States,US,Core PPI YoY,JUN,,,3.2%,3%
138,12:30 PM,United States,US,PPI,JUN,,,148.9,148.072
139,12:30 PM,United States,US,"PPI Ex Food, Energy and Trade MoM",JUN,,,0.3%,0.1%
140,12:30 PM,United States,US,"PPI Ex Food, Energy and Trade YoY",JUN,,,2.8%,2.7%
141,12:30 PM,United States,US,PPI YoY,JUN,,,2.8%,2.6%
142,01:15 PM,United States,US,Fed Hammack Speech,,,,,
143,01:15 PM,United States,US,Industrial Production MoM,JUN,,0%,0.3%,-0.2%
144,01:15 PM,United States,US,Capacity Utilization,JUN,,77.4%,77.4%,77.4%
145,01:15 PM,United States,US,Industrial Production YoY,JUN,,,1.5%,0.6%
146,01:15 PM,United States,US,Manufacturing Production MoM,JUN,,,0.2%,0.1%
147,01:15 PM,United States,US,Manufacturing Production YoY,JUN,,,1.1%,0.5%
148,02:00 PM,United States,US,Fed Barr Speech,,,,,
149,02:30 PM,United States,US,EIA Crude Oil Stocks Change,JUL/11,,,,7.07M
150,02:30 PM,United States,US,EIA Gasoline Stocks Change,JUL/11,,,,-2.658M
151,02:30 PM,United States,US,EIA Crude Oil Imports Change,JUL/11,,,,-1.358M
152,02:30 PM,United States,US,EIA Cushing Crude Oil Stocks Change,JUL/11,,,,0.464M
153,02:30 PM,United States,US,EIA Distillate Fuel Production Change,JUL/11,,,,0.059M
154,02:30 PM,United States,US,EIA Distillate Stocks Change,JUL/11,,,,-0.825M
155,02:30 PM,United States,US,EIA Gasoline Production Change,JUL/11,,,,0.278M
156,02:30 PM,United States,US,EIA Heating Oil Stocks Change,JUL/11,,,,0.603M
157,02:30 PM,United States,US,EIA Refinery Crude Runs Change,JUL/11,,,,-0.099M
158,03:30 PM,United States,US,17-Week Bill Auction,,,,,4.230%
159,04:00 PM,Canada,CA,30-Year Bond Auction,,,,,3.698%
160,04:00 PM,Russia,RU,PPI MoM,JUN,,,-1.1%,-1.3%
161,04:00 PM,Russia,RU,PPI YoY,JUN,,,-2.0%,0.3%
162,06:00 PM,United States,US,Fed Beige Book,,,,,
163,10:30 PM,United States,US,Fed Williams Speech,,,,,
164,11:50 PM,Japan,JP,Balance of Trade,JUN,,¥353.9B,¥ -100B,¥-637.6B
165,11:50 PM,Japan,JP,Exports YoY,JUN,,0.5%,1%,-1.7%
166,11:50 PM,Japan,JP,Foreign Bond Investment,JUL/12,,,,¥1656.8B
167,11:50 PM,Japan,JP,Imports YoY,JUN,,-1.6%,-2.0%,-7.7%
168,11:50 PM,Japan,JP,Stock Investment by Foreigners,JUL/12,,,,¥611.7B
169,,G20,G2,G20 Finance Ministers and Central Bank Governors Meeting,,,,,
170,,Turkey,TR,Budget Balance,JUN,,,,TRY235.2B
171,12:30 AM,Singapore,SG,Non-Oil Exports MoM,JUN,,,0.7%,-12%
172,12:30 AM,Singapore,SG,Non-Oil Exports YoY,JUN,,,3.2%,-3.5%
173,01:00 AM,Australia,AU,Consumer Inflation Expectations,JUL,,,4.7%,5%
174,01:00 AM,Singapore,SG,Balance of Trade,JUN,,,$ 3.5B,$7.24B
175,01:30 AM,Australia,AU,Employment Change,JUN,,19.5K,25K,-2.5K
176,01:30 AM,Australia,AU,Full Time Employment Chg,JUN,,,5.0K,38.7K
177,01:30 AM,Australia,AU,Unemployment Rate,JUN,,4.1%,4.1%,4.1%
178,01:30 AM,Australia,AU,Part Time Employment Chg,JUN,,,20.0K,-41.2K
179,01:30 AM,Australia,AU,Participation Rate,JUN,,,67.1%,67%
180,03:35 AM,Japan,JP,52-Week Bill Auction,,,,,0.5671%
181,05:00 AM,Singapore,SG,6-Month T-Bill Auction,,,,,1.85%
182,06:00 AM,United Kingdom,GB,Unemployment Rate,MAY,,4.6%,4.6%,4.6%
183,06:00 AM,United Kingdom,GB,Average Earnings incl. Bonus (3Mo/Yr),MAY,,5%,5.2%,5.3%
184,06:00 AM,United Kingdom,GB,Employment Change,MAY,,,110.0K,89K
185,06:00 AM,United Kingdom,GB,Average Earnings excl. Bonus (3Mo/Yr),MAY,,,5.1%,5.2%
186,06:00 AM,United Kingdom,GB,HMRC Payrolls Change,JUN,,,-40.0K,-109K
187,06:00 AM,United Kingdom,GB,Claimant Count Change,JUN,,17.9K,21.0K,33.1K
188,08:40 AM,Spain,ES,10-Year Obligacion Auction,,,,,3.163%
189,08:40 AM,Spain,ES,23-Year Obligacion Auction,,,,,3.727%
190,08:40 AM,Spain,ES,5-Year Bonos Auction,,,,,2.506%
191,09:00 AM,Euro Area,EA,Core Inflation Rate YoY Final,JUN,,2.3%,2.3%,2.3%
192,09:00 AM,Euro Area,EA,CPI Final,JUN,,129.07,129.07,128.71
193,09:00 AM,Euro Area,EA,Inflation Rate MoM Final,JUN,,0.3%,0.3%,0%
194,09:00 AM,Euro Area,EA,Inflation Rate YoY Final,JUN,,2%,2.0%,1.9%
195,09:00 AM,France,FR,2028 OAT Auction,,,,,2.28%
196,09:00 AM,France,FR,2030 OAT Auction,,,,,2.53%
197,09:00 AM,France,FR,2031 OAT Auction,,,,,2.69%
198,09:00 AM,United Kingdom,GB,Treasury Gilt 2030 Auction,,,,,4.060%
199,10:00 AM,France,FR,2034 Index-Linked OAT Auction,,,,,1.25%
200,10:00 AM,France,FR,2038 Index-Linked OAT Auction,,,,,
201,10:00 AM,France,FR,2039 OATi Auction,,,,,1.56%
202,11:00 AM,Canada,CA,CFIB Business Barometer,JUL,,,47.5,47.3
203,11:00 AM,South Africa,ZA,Building Permits YoY,MAY,,,-12.0%,-20.8%
204,12:30 PM,Canada,CA,Foreign Securities Purchases,MAY,,,,C$-9.36B
205,12:30 PM,Canada,CA,Foreign Securities Purchases by Canadians,MAY,,,,C$4.1B
206,12:30 PM,United States,US,Retail Sales MoM,JUN,,0%,0.2%,-0.9%
207,12:30 PM,United States,US,Export Prices MoM,JUN,,,-0.1%,-0.9%
208,12:30 PM,United States,US,Import Prices MoM,JUN,,0.2%,0.1%,0%
209,12:30 PM,United States,US,Initial Jobless Claims,JUL/12,,225K,230.0K,227K
210,12:30 PM,United States,US,Philadelphia Fed Manufacturing Index,JUL,,-0.4,-3,-4.0
211,12:30 PM,United States,US,Retail Sales Control Group MoM,JUN,,,0.3%,0.4%
212,12:30 PM,United States,US,Retail Sales Ex Autos MoM,JUN,,0.3%,0.2%,-0.3%
213,12:30 PM,United States,US,Continuing Jobless Claims,JUL/05,,,1970.0K,1965K
214,12:30 PM,United States,US,Export Prices YoY,JUN,,,1.9%,1.7%
215,12:30 PM,United States,US,Import Prices YoY,JUN,,,0.2%,0.2%
216,12:30 PM,United States,US,Jobless Claims 4-week Average,JUL/12,,,237.0K,235.5K
217,12:30 PM,United States,US,Philly Fed Business Conditions,JUL,,,,18.3
218,12:30 PM,United States,US,Philly Fed CAPEX Index,JUL,,,,14.50
219,12:30 PM,United States,US,Philly Fed Employment,JUL,,,,-9.8
220,12:30 PM,United States,US,Philly Fed New Orders,JUL,,,,2.3
221,12:30 PM,United States,US,Philly Fed Prices Paid,JUL,,,,41.40
222,12:30 PM,United States,US,Retail Sales Ex Gas/Autos MoM,JUN,,,0.1%,-0.1%
223,12:30 PM,United States,US,Retail Sales YoY,JUN,,,3.6%,3.3%
224,02:00 PM,United States,US,Business Inventories MoM,MAY,,0.2%,-0.1%,0%
225,02:00 PM,United States,US,Fed Kugler Speech,,,,,
226,02:00 PM,United States,US,NAHB Housing Market Index,JUL,,33,31,32
227,02:00 PM,United States,US,Retail Inventories Ex Autos MoM,MAY,,0.2%,0.2%,0.3%
228,02:30 PM,United States,US,EIA Natural Gas Stocks Change,JUL/11,,,,53Bcf
229,03:30 PM,United States,US,4-Week Bill Auction,,,,,4.235%
230,03:30 PM,United States,US,8-Week Bill Auction,,,,,4.275%
231,04:00 PM,Canada,CA,2-Year Bond Auction,,,,,2.683%
232,04:00 PM,United States,US,15-Year Mortgage Rate,JUL/17,,,,5.86%
233,04:00 PM,United States,US,30-Year Mortgage Rate,JUL/17,,,,6.72%
234,05:30 PM,United States,US,Fed Cook Speech,,,,,
235,07:00 PM,Argentina,AR,Balance of Trade,JUN,,,$ 900M,$608M
236,08:00 PM,United States,US,Net Long-term TIC Flows,MAY,,,,$-7.8B
237,08:00 PM,United States,US,Foreign Bond Investment,MAY,,,,$-40.8B
238,08:00 PM,United States,US,Overall Net Capital Flows,MAY,,,,$-14.2B
239,08:30 PM,United States,US,Fed Balance Sheet,JUL/16,,,,$6.66T
240,10:30 PM,United States,US,Fed Waller Speech,,,,,
241,11:30 PM,Japan,JP,Inflation Rate YoY,JUN,,,3.3%,3.5%
242,11:30 PM,Japan,JP,Core Inflation Rate YoY,JUN,,3.3%,3.4%,3.7%
243,11:30 PM,Japan,JP,Inflation Rate Ex-Food and Energy YoY,JUN,,,3.4%,3.3%
244,11:30 PM,Japan,JP,Inflation Rate MoM,JUN,,,0.1%,0.3%
245,,G20,G2,G20 Finance Ministers and Central Bank Governors Meeting,,,,,
246,03:35 AM,Japan,JP,3-Month Bill Auction,,,,,0.4054%
247,03:35 AM,Japan,JP,BoJ JGB Purchases,,,,,
248,06:00 AM,Germany,DE,PPI YoY,JUN,,,-1.4%,-1.2%
249,06:00 AM,Germany,DE,PPI MoM,JUN,,0.1%,0.0%,-0.2%
250,08:00 AM,Euro Area,EA,Current Account,MAY,,,€15.1B,€19.3B
251,08:00 AM,Euro Area,EA,Current Account s.a,MAY,,,,€19.8B
252,08:00 AM,Italy,IT,Construction Output YoY,MAY,,,4.7%,5.9%
253,08:00 AM,Spain,ES,Balance of Trade,MAY,,,€ -3.1B,€-3.88B
254,09:00 AM,Euro Area,EA,Construction Output YoY,MAY,,,2.7%,3%
255,09:00 AM,Italy,IT,Current Account,MAY,,,€1050.0M,€359M
256,11:30 AM,India,IN,Bank Loan Growth YoY,JUL/04,,,12.5%,9.6%
257,11:30 AM,India,IN,Deposit Growth YoY,JUL/04,,,,10.4%
258,11:30 AM,India,IN,Foreign Exchange Reserves,JUL/11,,,,$699.74B
259,11:30 AM,Turkey,TR,Foreign Exchange Reserves,JUL/11,,,,$79.79B
260,12:30 PM,United States,US,Building Permits Prel,JUN,,1.39M,1.37M,1.394M
261,12:30 PM,United States,US,Housing Starts,JUN,,1.30M,1.29M,1.256M
262,12:30 PM,United States,US,Building Permits MoM Prel,JUN,,,-1.7%,-2%
263,12:30 PM,United States,US,Housing Starts MoM,JUN,,,2.7%,-9.8%
264,02:00 PM,United States,US,Michigan Consumer Sentiment Prel,JUL,,61.5,60.5,60.7
265,02:00 PM,United States,US,Michigan 5 Year Inflation Expectations Prel,JUL,,,4.0%,4%
266,02:00 PM,United States,US,Michigan Consumer Expectations Prel,JUL,,,58,58.1
267,02:00 PM,United States,US,Michigan Current Conditions Prel,JUL,,,64.6,64.8
268,02:00 PM,United States,US,Michigan Inflation Expectations Prel,JUL,,,4.7%,5%
269,05:00 PM,United States,US,Baker Hughes Oil Rig Count,JUL/18,,,,424
270,05:00 PM,United States,US,Baker Hughes Total Rigs Count,JUL/18,,,,537
271,07:00 PM,Argentina,AR,Economic Activity YoY,MAY,,,4.2%,7.7%
272,,G20,G2,G20 Finance Ministers and Central Bank Governors Meeting,,,,,
273,01:15 AM,China,CN,Loan Prime Rate 1Y,,,,3.0%,3%
274,01:15 AM,China,CN,Loan Prime Rate 5Y,JUL,,,3.5%,3.5%
275,,Japan,JP,Upper House Election,,,,,
276,05:00 AM,South Korea,KR,5-Year KTB Auction,,,,,2.655%
277,09:30 AM,Germany,DE,3-Month Bubill Auction,,,,,1.8339%
278,09:30 AM,Germany,DE,9-Month Bubill Auction,,,,,1.8162%
279,11:40 AM,India,IN,Infrastructure Output YoY,JUN,,,1.3%,0.7%
280,12:30 PM,Canada,CA,PPI MoM,JUN,,,0.3%,-0.5%
281,12:30 PM,Canada,CA,PPI YoY,JUN,,,2.5%,1.2%
282,12:30 PM,Canada,CA,Raw Materials Prices MoM,JUN,,,0.8%,-0.4%
283,12:30 PM,Canada,CA,Raw Materials Prices YoY,JUN,,,-2.0%,-2.8%
284,01:00 PM,France,FR,12-Month BTF Auction,,,,,
285,01:00 PM,France,FR,3-Month BTF Auction,,,,,
286,01:00 PM,France,FR,6-Month BTF Auction,,,,,
287,02:00 PM,United States,US,CB Leading Index MoM,JUN,,,,
288,02:30 PM,Canada,CA,BoC Business Outlook Survey,,,,,
289,03:30 PM,United States,US,3-Month Bill Auction,,,,,
290,03:30 PM,United States,US,6-Month Bill Auction,,,,,
291,09:00 PM,South Korea,KR,PPI MoM,JUN,,,-0.2%,-0.4%
292,09:00 PM,South Korea,KR,PPI YoY,JUN,,,0.0%,0.3%
293,,Brazil,BR,BCB Focus Market Readout,,,,,
294,,Turkey,TR,Central Government Debt,JUN,,,TRY11.0T,
295,01:30 AM,Australia,AU,RBA Meeting Minutes,,,,,
296,03:00 AM,Indonesia,ID,M2 Money Supply YoY,JUN,,,,4.9%
297,05:00 AM,Singapore,SG,MAS 12-Week Bill Auction,,,,,
298,05:00 AM,Singapore,SG,MAS 4-Week Bill Auction,,,,,
299,05:00 AM,South Korea,KR,20-Year KTB Auction,,,,,2.825%
300,06:00 AM,United Kingdom,GB,Public Sector Net Borrowing Ex Banks,JUN,,,£ -14.2B,£-17.69B
301,07:00 AM,South Africa,ZA,Leading Business Cycle Indicator MoM,MAY,,,0.5%,-0.3%
302,09:00 AM,United Kingdom,GB,Index-linked Treasury Gilt 2035 Auction,,,,,
303,10:30 AM,Germany,DE,Bund/g Auction,,,,,
304,12:00 PM,Mexico,MX,Economic Activity MoM,MAY,,,,0.5%
305,12:00 PM,Mexico,MX,Economic Activity YoY,MAY,,,,-1.5%
306,12:00 PM,Mexico,MX,Retail Sales MoM,MAY,,,,-1%
307,12:00 PM,Mexico,MX,Retail Sales YoY,MAY,,,,-2%
308,12:30 PM,United States,US,Fed Chair Powell Speech,,,,,
309,12:55 PM,United States,US,Redbook YoY,JUL/19,,,,
310,02:00 PM,United States,US,Richmond Fed Manufacturing Index,JUL,,,,-7
311,02:00 PM,United States,US,Richmond Fed Manufacturing Shipments Index,JUL,,,-5,-3
312,02:00 PM,United States,US,Richmond Fed Services Revenues Index,JUL,,,,-4
313,05:00 PM,United States,US,Fed Bowman Speech,,,,,
314,05:00 PM,United States,US,Money Supply,JUN,,,$ 22T,$21.94T
315,08:30 PM,United States,US,API Crude Oil Stock Change,JUL/18,,,,
316,09:00 PM,South Korea,KR,Consumer Confidence,JUL,,,110,108.7
317,01:00 AM,Australia,AU,Westpac Leading Index MoM,JUN,,,0.2%,-0.1%
318,01:30 AM,Japan,JP,BoJ Uchida Speech,,,,,
319,03:35 AM,Japan,JP,40-Year JGB Auction,,,,,3.135%
320,05:00 AM,Singapore,SG,Core Inflation Rate YoY,JUN,,,0.8%,0.6%
321,05:00 AM,Singapore,SG,Inflation Rate MoM,JUN,,,0.1%,0.7%
322,05:00 AM,Singapore,SG,Inflation Rate YoY,JUN,,,0.8%,0.8%
323,07:00 AM,Turkey,TR,Consumer Confidence,JUL,,,85.5,85.1
324,08:00 AM,South Africa,ZA,Inflation Rate MoM,JUN,,,0.2%,0.2%
325,08:00 AM,South Africa,ZA,Inflation Rate YoY,JUN,,,2.6%,2.8%
326,08:00 AM,South Africa,ZA,Core Inflation Rate MoM,JUN,,,,0%
327,08:00 AM,South Africa,ZA,Core Inflation Rate YoY,JUN,,,2.9%,3%
328,09:00 AM,United Kingdom,GB,Treasury Gilt 2040 Auction,,,,,
329,09:30 AM,Germany,DE,10-Year Bund Auction,,,,,2.63%
330,11:00 AM,United States,US,MBA 30-Year Mortgage Rate,JUL/18,,,,
331,11:00 AM,United States,US,MBA Mortgage Applications,JUL/18,,,,
332,11:00 AM,United States,US,MBA Mortgage Market Index,JUL/18,,,,
333,11:00 AM,United States,US,MBA Mortgage Refinance Index,JUL/18,,,,
334,11:00 AM,United States,US,MBA Purchase Index,JUL/18,,,,
335,11:30 AM,India,IN,M3 Money Supply YoY,JUL/11,,,,
336,12:30 PM,Canada,CA,New Housing Price Index MoM,JUN,,,0.1%,-0.2%
337,02:00 PM,Euro Area,EA,Consumer Confidence Flash,JUL,,,-15.6,-15.3
338,02:00 PM,United States,US,Existing Home Sales,JUN,,,4.0M,4.03M
339,02:00 PM,United States,US,Existing Home Sales MoM,JUN,,,,0.8%
340,02:30 PM,United States,US,EIA Crude Oil Stocks Change,JUL/18,,,,
341,02:30 PM,United States,US,EIA Gasoline Stocks Change,JUL/18,,,,
342,02:30 PM,United States,US,EIA Crude Oil Imports Change,JUL/18,,,,
343,02:30 PM,United States,US,EIA Cushing Crude Oil Stocks Change,JUL/18,,,,
344,02:30 PM,United States,US,EIA Distillate Fuel Production Change,JUL/18,,,,
345,02:30 PM,United States,US,EIA Distillate Stocks Change,JUL/18,,,,
346,02:30 PM,United States,US,EIA Gasoline Production Change,JUL/18,,,,
347,02:30 PM,United States,US,EIA Heating Oil Stocks Change,JUL/18,,,,
348,02:30 PM,United States,US,EIA Refinery Crude Runs Change,JUL/18,,,,
349,03:30 PM,United States,US,17-Week Bill Auction,,,,,
350,04:00 PM,Canada,CA,2-Year Bond Auction,,,,,
351,04:00 PM,Russia,RU,Corporate Profits,MAY,,,,
352,04:00 PM,Russia,RU,Industrial Production YoY,JUN,,,2%,1.8%
353,05:00 PM,United States,US,20-Year Bond Auction,,,,,
354,07:00 PM,Argentina,AR,Retail Sales YoY,MAY,,,,66.9%
355,09:00 PM,South Korea,KR,Business Confidence,JUL,,,71,70
356,11:00 PM,Australia,AU,S&P Global Manufacturing PMI Flash,JUL,,,50.4,50.6
357,11:00 PM,Australia,AU,S&P Global Services PMI Flash,JUL,,,51.2,51.8
358,11:00 PM,Australia,AU,S&P Global Composite PMI Flash,JUL,,,51,51.6
359,11:00 PM,South Korea,KR,GDP Growth Rate QoQ Adv,Q2,,,1.2%,
360,11:00 PM,South Korea,KR,GDP Growth Rate YoY Adv,Q2,,,1.5%,
361,11:50 PM,Japan,JP,Foreign Bond Investment,JUL/19,,,,
362,11:50 PM,Japan,JP,Stock Investment by Foreigners,JUL/19,,,,
363,,Argentina,AR,Leading Indicator MoM,JUN,,,0.4%,0.32%
364,12:30 AM,Japan,JP,Jibun Bank Manufacturing PMI Flash,JUL,,,50.3,50.1
365,12:30 AM,Japan,JP,Jibun Bank Services PMI Flash,JUL,,,51.3,51.7
366,12:30 AM,Japan,JP,Jibun Bank Composite PMI Flash,JUL,,,50.9,51.5
367,01:30 AM,Australia,AU,RBA Bulletin,,,,,
